genre,example_count,unique_midi_files,percentage_of_examples,percentage_of_files
rock,52101,52101,46.45901697817092,45.975256785852956
pop,28900,28900,25.770438008275075,25.502100172955423
electronic,19876,19876,17.723641032957627,17.539091454590377
jazz,6697,6697,5.971786274789556,5.909604320355794
hip_hop,4570,4570,4.07511770580682,4.032685044650735
