instrument_family,example_count,unique_midi_files,percentage_of_examples,percentage_of_files
drums,99410,99410,19.225079048899115,87.72193004129751
other,96095,96095,18.583985224866318,84.79668913910558
bass,92952,92952,17.976154790798418,82.02322544209522
piano,80661,80661,15.599176150922963,71.17733225089124
guitar,77594,77594,15.006043493816298,68.4709329003565
strings,70373,70373,13.609561290696886,62.09893755956373
