{
  "count": 115182,
  "min_seconds": 30.0,
  "max_seconds": 19652.447880000003,
  "mean_seconds": 227.430885034919,
  "median_seconds": 226.87489790625,
  "std_seconds": 126.86882703399733,
  "p01": 40.341685,
  "p05": 104.4,
  "p10": 142.87789840250002,
  "p25": 185.540355,
  "p50": 226.87489790625,
  "p75": 264.8459673229167,
  "p90": 308.0636008625,
  "p95": 347.29597624999997,
  "p99": 425.19839705208307,
  "iqr_lower_bound": 66.58193651562497,
  "iqr_upper_bound": 383.80438580729174,
  "recommended_short_threshold": 40.341685,
  "recommended_long_threshold": 425.19839705208307
}